id_kel,nama_provinsi,nama_kota,nama_kecamatan,nama_kelurahan,odp,proses_pemantauan,selesai_pemantauan,pdp,masih_dirawat,pulang_dan_sehat,positif,dirawat,sembuh,meninggal,self_isolation,keterangan
BELUM DIKETAHUI,BELUM DIKETAHUI,BELUM DIKETAHUI,BELUM DIKETAHUI,BELUM DIKETAHUI,2537,91,2446,2758,241,2517,711,620,13,26,52,
LUAR DKI JAKARTA,LUAR DKI JAKARTA,LUAR DKI JAKARTA,LUAR DKI JAKARTA,LUAR DKI JAKARTA,1137,82,1055,904,216,688,547,309,43,41,154,
3171071004,DKI JAKARTA,JAKARTA PUSAT,TANAH ABANG,PETAMBURAN,9,2,7,18,13,5,73,5,1,1,66,
3172021006,DKI JAKARTA,JAKARTA UTARA,TANJUNG PRIOK,SUNTER AGUNG,27,14,13,25,16,9,51,33,2,5,11,
3175071004,DKI JAKARTA,JAKARTA TIMUR,DUREN SAWIT,PONDOK KELAPA,14,1,13,6,5,1,39,18,1,4,16,
3173061005,DKI JAKARTA,JAKARTA BARAT,KALI DERES,PEGADUNGAN,3,1,2,12,11,1,36,11,8,3,14,
3173031003,DKI JAKARTA,JAKARTA BARAT,TAMAN SARI,MAPHAR,12,0,12,4,3,1,36,34,0,0,2,
3172061003,DKI JAKARTA,JAKARTA UTARA,KELAPA GADING,KELAPA GADING BARAT,33,15,18,23,16,7,35,13,6,2,14,
3172051002,DKI JAKARTA,JAKARTA UTARA,PADEMANGAN,PADEMANGAN BARAT,8,4,4,4,2,2,31,12,0,2,17,
3173061001,DKI JAKARTA,JAKARTA BARAT,KALI DERES,KALIDERES,9,0,9,12,10,2,29,10,6,4,9,
3174051002,DKI JAKARTA,JAKARTA SELATAN,KEBAYORAN LAMA,PONDOK PINANG,16,3,13,8,7,1,28,12,0,7,9,
3175021006,DKI JAKARTA,JAKARTA TIMUR,PULO GADUNG,KAYU PUTIH,15,2,13,17,11,6,28,20,1,3,4,
3175071001,DKI JAKARTA,JAKARTA TIMUR,DUREN SAWIT,DUREN SAWIT,11,1,10,13,11,2,27,18,1,3,5,
3171051001,DKI JAKARTA,JAKARTA PUSAT,CEMPAKA PUTIH,CEMPAKA PUTIH TIMUR,12,1,11,9,6,3,25,13,1,1,10,
3172061001,DKI JAKARTA,JAKARTA UTARA,KELAPA GADING,KELAPA GADING TIMUR,9,1,8,19,17,2,24,7,5,4,8,
3171051002,DKI JAKARTA,JAKARTA PUSAT,CEMPAKA PUTIH,CEMPAKA PUTIH BARAT,11,1,10,12,8,4,24,10,2,5,7,
3173051001,DKI JAKARTA,JAKARTA BARAT,KEBON JERUK,KEBON JERUK,5,0,5,13,11,2,22,9,4,2,7,
3175071003,DKI JAKARTA,JAKARTA TIMUR,DUREN SAWIT,KLENDER,14,2,12,5,4,1,22,13,2,4,3,
3173021003,DKI JAKARTA,JAKARTA BARAT,GROGOL PETAMBURAN,TOMANG,21,14,7,10,10,0,22,4,12,1,5,
3174061003,DKI JAKARTA,JAKARTA SELATAN,CILANDAK,PONDOK LABU,9,0,9,12,5,7,22,12,3,1,6,
3175061003,DKI JAKARTA,JAKARTA TIMUR,CAKUNG,PENGGILINGAN,13,3,10,11,7,4,22,11,2,1,8,
3173051005,DKI JAKARTA,JAKARTA BARAT,KEBON JERUK,DURI KEPA,5,0,5,10,8,2,22,13,1,1,7,
3174061001,DKI JAKARTA,JAKARTA SELATAN,CILANDAK,CILANDAK BARAT,17,2,15,22,15,7,21,10,4,3,4,
3175011006,DKI JAKARTA,JAKARTA TIMUR,MATRAMAN,UTAN KAYU SELATAN,18,3,15,8,5,3,21,8,1,2,10,
3175011003,DKI JAKARTA,JAKARTA TIMUR,MATRAMAN,KAYU MANIS,9,0,9,9,9,0,20,13,0,0,7,
3174011002,DKI JAKARTA,JAKARTA SELATAN,TEBET,TEBET BARAT,4,1,3,7,6,1,19,15,0,1,3,
3174101002,DKI JAKARTA,JAKARTA SELATAN,PESANGGRAHAN,BINTARO,17,2,15,10,8,2,18,7,2,6,3,
3172011005,DKI JAKARTA,JAKARTA UTARA,PENJARINGAN,PLUIT,14,6,8,24,10,14,18,10,3,2,3,
3174041005,DKI JAKARTA,JAKARTA SELATAN,PASAR MINGGU,PEJATEN TIMUR,14,1,13,9,5,4,18,9,2,4,3,
3175041004,DKI JAKARTA,JAKARTA TIMUR,KRAMAT JATI,BATU AMPAR,12,5,7,10,8,2,17,4,1,2,10,
3175031006,DKI JAKARTA,JAKARTA TIMUR,JATINEGARA,CIPINANG MUARA,5,1,4,3,2,1,17,6,0,1,10,
3171071006,DKI JAKARTA,JAKARTA PUSAT,TANAH ABANG,KEBON KACANG,15,1,14,5,4,1,17,9,0,3,5,
3174071006,DKI JAKARTA,JAKARTA SELATAN,KEBAYORAN BARU,SENAYAN,1,0,1,12,12,0,16,0,14,0,2,
3174061002,DKI JAKARTA,JAKARTA SELATAN,CILANDAK,LEBAK BULUS,16,4,12,10,6,4,16,4,3,5,4,
3171031002,DKI JAKARTA,JAKARTA PUSAT,KEMAYORAN,KEBON KOSONG,14,4,10,14,12,2,15,4,3,2,6,
3174011003,DKI JAKARTA,JAKARTA SELATAN,TEBET,MENTENG DALAM,9,1,8,9,5,4,15,9,2,1,3,
3175021007,DKI JAKARTA,JAKARTA TIMUR,PULO GADUNG,JATI,10,1,9,15,9,6,15,7,2,0,6,
3174011001,DKI JAKARTA,JAKARTA SELATAN,TEBET,TEBET TIMUR,4,0,4,2,1,1,15,9,1,2,3,
3172061002,DKI JAKARTA,JAKARTA UTARA,KELAPA GADING,PEGANGSAAN DUA,60,30,30,9,7,2,15,8,1,0,6,
3173011005,DKI JAKARTA,JAKARTA BARAT,CENGKARENG,KAPUK,7,3,4,4,1,3,15,9,0,4,2,
3171061001,DKI JAKARTA,JAKARTA PUSAT,MENTENG,MENTENG,15,8,7,8,6,2,15,9,1,3,2,
3173081001,DKI JAKARTA,JAKARTA BARAT,KEMBANGAN,KEMBANGAN UTARA,1,0,1,8,6,2,15,5,3,1,6,
3174091001,DKI JAKARTA,JAKARTA SELATAN,JAGAKARSA,JAGAKARSA,9,2,7,10,6,4,14,7,2,1,4,
3175081004,DKI JAKARTA,JAKARTA TIMUR,MAKASAR,HALIM PERDANA KUSUMAH,2,0,2,6,5,1,14,9,2,1,2,
3172021002,DKI JAKARTA,JAKARTA UTARA,TANJUNG PRIOK,SUNTER JAYA,24,2,22,25,13,12,14,5,0,1,8,
3171041003,DKI JAKARTA,JAKARTA PUSAT,SENEN,PASEBAN,36,9,27,12,5,7,14,12,0,0,2,
3173081004,DKI JAKARTA,JAKARTA BARAT,KEMBANGAN,SRENGSENG,8,2,6,8,6,2,13,6,3,1,3,
3174091005,DKI JAKARTA,JAKARTA SELATAN,JAGAKARSA,TANJUNG BARAT,6,0,6,9,7,2,13,5,0,1,7,
3173071001,DKI JAKARTA,JAKARTA BARAT,PALMERAH,PALMERAH,11,3,8,6,6,0,13,7,1,3,2,
3172031002,DKI JAKARTA,JAKARTA UTARA,KOJA,TUGU UTARA,21,5,16,11,10,1,13,6,0,1,6,
3175051004,DKI JAKARTA,JAKARTA TIMUR,PASAR REBO,KALISARI,10,4,6,9,5,4,12,4,2,1,5,
3175041007,DKI JAKARTA,JAKARTA TIMUR,KRAMAT JATI,CAWANG,2,0,2,5,3,2,12,5,1,1,5,
3174011005,DKI JAKARTA,JAKARTA SELATAN,TEBET,BUKIT DURI,8,0,8,8,7,1,12,5,2,3,2,
3173011006,DKI JAKARTA,JAKARTA BARAT,CENGKARENG,CENGKARENG TIMUR,13,3,10,4,4,0,12,6,2,1,3,
3173021004,DKI JAKARTA,JAKARTA BARAT,GROGOL PETAMBURAN,JELAMBAR,1,0,1,4,3,1,12,5,3,2,2,
3175091001,DKI JAKARTA,JAKARTA TIMUR,CIRACAS,CIRACAS,14,3,11,7,5,2,12,5,2,3,2,
3173011002,DKI JAKARTA,JAKARTA BARAT,CENGKARENG,DURI KOSAMBI,8,0,8,5,2,3,12,5,3,1,3,
3172051001,DKI JAKARTA,JAKARTA UTARA,PADEMANGAN,PADEMANGAN TIMUR,9,2,7,11,8,3,12,5,1,1,5,
3173061003,DKI JAKARTA,JAKARTA BARAT,KALI DERES,TEGAL ALUR,11,2,9,5,3,2,12,8,2,0,2,
3175061005,DKI JAKARTA,JAKARTA TIMUR,CAKUNG,PULO GEBANG,8,3,5,11,6,5,12,8,1,1,2,
3171071005,DKI JAKARTA,JAKARTA PUSAT,TANAH ABANG,KEBON MELATI,26,7,19,22,15,7,12,6,1,0,5,
3175081005,DKI JAKARTA,JAKARTA TIMUR,MAKASAR,CIPINANG MELAYU,6,2,4,3,1,2,11,6,0,2,3,
3175021005,DKI JAKARTA,JAKARTA TIMUR,PULO GADUNG,RAWAMANGUN,12,2,10,7,5,2,11,8,0,0,3,
3174021003,DKI JAKARTA,JAKARTA SELATAN,SETIA BUDI,KARET KUNINGAN,7,1,6,9,4,5,11,3,3,2,3,
3171081001,DKI JAKARTA,JAKARTA PUSAT,JOHAR BARU,JOHAR BARU,12,0,12,12,6,6,11,6,1,1,3,
3173051006,DKI JAKARTA,JAKARTA BARAT,KEBON JERUK,KEDOYA UTARA,7,1,6,6,4,2,11,7,1,0,3,
3175011001,DKI JAKARTA,JAKARTA TIMUR,MATRAMAN,PISANGAN BARU,10,5,5,7,4,3,11,4,2,1,4,
3175071002,DKI JAKARTA,JAKARTA TIMUR,DUREN SAWIT,PONDOK BAMBU,13,3,10,6,5,1,11,5,0,2,4,
3173021005,DKI JAKARTA,JAKARTA BARAT,GROGOL PETAMBURAN,TANJUNG DUREN SELATAN,11,3,8,6,4,2,11,6,2,2,1,
3175021001,DKI JAKARTA,JAKARTA TIMUR,PULO GADUNG,PULO GADUNG,10,1,9,5,3,2,11,6,1,0,4,
3175041006,DKI JAKARTA,JAKARTA TIMUR,KRAMAT JATI,CILILITAN,6,1,5,6,4,2,11,3,0,0,8,
3175031002,DKI JAKARTA,JAKARTA TIMUR,JATINEGARA,BIDARA CINA,5,0,5,1,1,0,10,5,0,2,3,
3174041003,DKI JAKARTA,JAKARTA SELATAN,PASAR MINGGU,CILANDAK TIMUR,3,3,0,12,3,9,10,3,3,2,2,
3172011004,DKI JAKARTA,JAKARTA UTARA,PENJARINGAN,PEJAGALAN,10,3,7,3,2,1,10,7,0,1,2,
3175091002,DKI JAKARTA,JAKARTA TIMUR,CIRACAS,CIBUBUR,7,1,6,5,3,2,10,5,0,2,3,
3173051004,DKI JAKARTA,JAKARTA BARAT,KEBON JERUK,KELAPA DUA,0,0,0,4,3,1,10,3,2,0,5,
3171021004,DKI JAKARTA,JAKARTA PUSAT,SAWAH BESAR,GUNUNG SAHARI UTARA,21,1,20,13,9,4,10,3,1,4,2,
3171081002,DKI JAKARTA,JAKARTA PUSAT,JOHAR BARU,KAMPUNG RAWA,14,2,12,7,7,0,10,3,2,4,1,
3174101003,DKI JAKARTA,JAKARTA SELATAN,PESANGGRAHAN,PETUKANGAN UTARA,8,0,8,5,4,1,10,7,1,0,2,
3174101005,DKI JAKARTA,JAKARTA SELATAN,PESANGGRAHAN,ULUJAMI,5,0,5,4,4,0,10,4,1,3,2,
3171031006,DKI JAKARTA,JAKARTA PUSAT,KEMAYORAN,CEMPAKA BARU,9,0,9,13,8,5,10,2,0,4,4,
3174051004,DKI JAKARTA,JAKARTA SELATAN,KEBAYORAN LAMA,GROGOL UTARA,5,1,4,2,1,1,10,4,2,0,4,
3174031003,DKI JAKARTA,JAKARTA SELATAN,MAMPANG PRAPATAN,PELA MAMPANG,15,3,12,10,8,2,10,1,0,3,6,
3172011002,DKI JAKARTA,JAKARTA UTARA,PENJARINGAN,KAMAL MUARA,1,0,1,4,2,2,9,7,0,1,1,
3174031002,DKI JAKARTA,JAKARTA SELATAN,MAMPANG PRAPATAN,BANGKA,7,0,7,7,3,4,9,3,4,1,1,
3173051007,DKI JAKARTA,JAKARTA BARAT,KEBON JERUK,KEDOYA SELATAN,6,1,5,8,5,3,9,6,0,0,3,
3171031003,DKI JAKARTA,JAKARTA PUSAT,KEMAYORAN,HARAPAN MULIA,6,3,3,9,6,3,9,2,1,2,4,
3172031006,DKI JAKARTA,JAKARTA UTARA,KOJA,RAWA BADAK SELATAN,7,1,6,3,3,0,9,4,2,0,3,
3171071002,DKI JAKARTA,JAKARTA PUSAT,TANAH ABANG,BENDUNGAN HILIR,14,3,11,14,7,7,9,5,3,0,1,
3174041002,DKI JAKARTA,JAKARTA SELATAN,PASAR MINGGU,JATI PADANG,6,1,5,3,3,0,9,4,0,3,2,
3171041006,DKI JAKARTA,JAKARTA PUSAT,SENEN,BUNGUR,6,1,5,8,6,2,9,4,0,0,5,
3174051005,DKI JAKARTA,JAKARTA SELATAN,KEBAYORAN LAMA,GROGOL SELATAN,9,0,9,6,5,1,9,4,2,1,2,
3174031004,DKI JAKARTA,JAKARTA SELATAN,MAMPANG PRAPATAN,TEGAL PARANG,14,2,12,4,0,4,9,5,0,1,3,
3175071007,DKI JAKARTA,JAKARTA TIMUR,DUREN SAWIT,PONDOK KOPI,4,0,4,4,3,1,9,3,0,3,3,
3172021005,DKI JAKARTA,JAKARTA UTARA,TANJUNG PRIOK,KEBON BAWANG,13,3,10,8,5,3,9,6,1,0,2,
3173021007,DKI JAKARTA,JAKARTA BARAT,GROGOL PETAMBURAN,WIJAYA KUSUMA,4,0,4,3,1,2,9,5,0,2,2,
3171011002,DKI JAKARTA,JAKARTA PUSAT,GAMBIR,CIDENG,5,0,5,6,5,1,9,3,0,2,4,
3174091002,DKI JAKARTA,JAKARTA SELATAN,JAGAKARSA,SRENGSENG SAWAH,4,0,4,1,1,0,9,6,0,1,2,
3174101001,DKI JAKARTA,JAKARTA SELATAN,PESANGGRAHAN,PESANGGRAHAN,3,0,3,4,2,2,8,2,1,3,2,
3174051001,DKI JAKARTA,JAKARTA SELATAN,KEBAYORAN LAMA,KEBAYORAN LAMA UTARA,7,1,6,7,4,3,8,3,3,1,1,
3175031003,DKI JAKARTA,JAKARTA TIMUR,JATINEGARA,BALI MESTER,2,2,0,2,0,2,8,4,0,1,3,
3174041006,DKI JAKARTA,JAKARTA SELATAN,PASAR MINGGU,PEJATEN BARAT,12,2,10,5,3,2,8,5,0,2,1,
3173081006,DKI JAKARTA,JAKARTA BARAT,KEMBANGAN,KEMBANGAN SELATAN,9,3,6,5,4,1,8,3,1,0,4,
3173071004,DKI JAKARTA,JAKARTA BARAT,PALMERAH,JATI PULO,4,2,2,4,4,0,8,6,1,0,1,
3174021005,DKI JAKARTA,JAKARTA SELATAN,SETIA BUDI,MENTENG ATAS,6,1,5,3,3,0,8,7,0,1,0,
3174091003,DKI JAKARTA,JAKARTA SELATAN,JAGAKARSA,CIGANJUR,4,0,4,6,5,1,8,4,0,1,3,
3174011004,DKI JAKARTA,JAKARTA SELATAN,TEBET,KEBON BARU,7,0,7,7,4,3,8,3,1,0,4,
3173071005,DKI JAKARTA,JAKARTA BARAT,PALMERAH,KEMANGGISAN,7,0,7,4,2,2,8,4,0,1,3,
3171021001,DKI JAKARTA,JAKARTA PUSAT,SAWAH BESAR,PASAR BARU,12,2,10,11,2,9,8,4,1,0,3,
3171061004,DKI JAKARTA,JAKARTA PUSAT,MENTENG,GONDANGDIA,3,0,3,4,2,2,7,4,0,2,1,
3172021004,DKI JAKARTA,JAKARTA UTARA,TANJUNG PRIOK,SUNGAI BAMBU,10,5,5,9,7,2,7,3,1,2,1,
3175041001,DKI JAKARTA,JAKARTA TIMUR,KRAMAT JATI,KRAMAT JATI,3,0,3,2,0,2,7,0,0,2,5,
3173081002,DKI JAKARTA,JAKARTA BARAT,KEMBANGAN,MERUYA UTARA,8,3,5,8,7,1,7,5,1,0,1,
3174051006,DKI JAKARTA,JAKARTA SELATAN,KEBAYORAN LAMA,KEBAYORAN LAMA SELATAN,13,3,10,3,2,1,7,3,1,3,0,
3174041001,DKI JAKARTA,JAKARTA SELATAN,PASAR MINGGU,PASAR MINGGU,6,1,5,5,3,2,7,4,2,1,0,
3171011005,DKI JAKARTA,JAKARTA PUSAT,GAMBIR,KEBON KELAPA,4,0,4,3,3,0,7,1,0,1,5,
3172031005,DKI JAKARTA,JAKARTA UTARA,KOJA,TUGU SELATAN,9,2,7,9,8,1,7,2,1,0,4,
3173011001,DKI JAKARTA,JAKARTA BARAT,CENGKARENG,CENGKARENG BARAT,5,1,4,3,2,1,7,5,0,0,2,
3175061004,DKI JAKARTA,JAKARTA TIMUR,CAKUNG,CAKUNG TIMUR,7,0,7,7,3,4,7,3,2,0,2,
3175041002,DKI JAKARTA,JAKARTA TIMUR,KRAMAT JATI,KAMPUNG TENGAH,3,0,3,4,3,1,7,3,1,1,2,
3171011003,DKI JAKARTA,JAKARTA PUSAT,GAMBIR,PETOJO UTARA,7,0,7,10,7,3,7,3,1,2,1,
3175101002,DKI JAKARTA,JAKARTA TIMUR,CIPAYUNG,CILANGKAP,7,1,6,7,4,3,7,7,0,0,0,
3171071007,DKI JAKARTA,JAKARTA PUSAT,TANAH ABANG,KAMPUNG BALI,4,1,3,6,5,1,7,3,0,0,4,
3173031001,DKI JAKARTA,JAKARTA BARAT,TAMAN SARI,TAMAN SARI,10,1,9,7,4,3,7,2,0,2,3,
3175031001,DKI JAKARTA,JAKARTA TIMUR,JATINEGARA,KAMPUNG MELAYU,4,1,3,2,2,0,7,4,0,1,2,
3171041002,DKI JAKARTA,JAKARTA PUSAT,SENEN,KENARI,10,4,6,5,4,1,7,3,1,0,3,
3174071005,DKI JAKARTA,JAKARTA SELATAN,KEBAYORAN BARU,RAWA BARAT,5,1,4,3,3,0,6,2,3,1,0,
3175021002,DKI JAKARTA,JAKARTA TIMUR,PULO GADUNG,PISANGAN TIMUR,44,1,43,9,7,2,6,0,1,3,2,
3174071010,DKI JAKARTA,JAKARTA SELATAN,KEBAYORAN BARU,CIPETE UTARA,11,2,9,13,9,4,6,4,1,1,0,
3174091004,DKI JAKARTA,JAKARTA SELATAN,JAGAKARSA,LENTENG AGUNG,10,2,8,7,2,5,6,5,0,0,1,
3171061002,DKI JAKARTA,JAKARTA PUSAT,MENTENG,PEGANGSAAN,14,1,13,4,1,3,6,2,2,1,1,
3175061006,DKI JAKARTA,JAKARTA TIMUR,CAKUNG,UJUNG MENTENG,2,0,2,9,8,1,6,2,0,2,2,
3173071002,DKI JAKARTA,JAKARTA BARAT,PALMERAH,SLIPI,5,0,5,0,0,0,6,4,0,0,2,
3174051003,DKI JAKARTA,JAKARTA SELATAN,KEBAYORAN LAMA,CIPULIR,4,2,2,9,6,3,6,3,2,1,0,
3174081004,DKI JAKARTA,JAKARTA SELATAN,PANCORAN,DUREN TIGA,7,0,7,7,4,3,6,3,1,0,2,
3172011001,DKI JAKARTA,JAKARTA UTARA,PENJARINGAN,PENJARINGAN,19,1,18,15,10,5,6,4,0,0,2,
3172011003,DKI JAKARTA,JAKARTA UTARA,PENJARINGAN,KAPUK MUARA,10,2,8,4,1,3,6,3,0,2,1,
3173041005,DKI JAKARTA,JAKARTA BARAT,TAMBORA,KERENDANG,2,2,0,1,1,0,6,3,1,1,1,
3174011006,DKI JAKARTA,JAKARTA SELATAN,TEBET,MANGGARAI SELATAN,1,0,1,5,2,3,6,5,0,0,1,
3175031005,DKI JAKARTA,JAKARTA TIMUR,JATINEGARA,CIPINANG CEMPEDAK,1,0,1,5,4,1,6,5,0,1,0,
3173051003,DKI JAKARTA,JAKARTA BARAT,KEBON JERUK,SUKABUMI SELATAN,4,0,4,6,5,1,6,2,2,0,2,
3173021006,DKI JAKARTA,JAKARTA BARAT,GROGOL PETAMBURAN,JELAMBAR BARU,3,0,3,7,6,1,6,2,1,1,2,
3175101007,DKI JAKARTA,JAKARTA TIMUR,CIPAYUNG,LUBANG BUAYA,8,1,7,9,8,1,6,5,1,0,0,
3175021003,DKI JAKARTA,JAKARTA TIMUR,PULO GADUNG,CIPINANG,5,0,5,6,5,1,6,2,1,2,1,
3172031003,DKI JAKARTA,JAKARTA UTARA,KOJA,LAGOA,12,2,10,5,5,0,6,5,0,0,1,
3175071005,DKI JAKARTA,JAKARTA TIMUR,DUREN SAWIT,MALAKA SARI,3,1,2,3,3,0,6,3,0,1,2,
3172041002,DKI JAKARTA,JAKARTA UTARA,CILINCING,SUKAPURA,10,3,7,7,3,4,6,2,0,1,3,
3174081002,DKI JAKARTA,JAKARTA SELATAN,PANCORAN,KALIBATA,7,1,6,10,5,5,6,5,1,0,0,
3172041007,DKI JAKARTA,JAKARTA UTARA,CILINCING,SEMPER BARAT,17,3,14,6,5,1,6,4,0,0,2,
3175061001,DKI JAKARTA,JAKARTA TIMUR,CAKUNG,JATINEGARA,3,0,3,7,3,4,6,3,0,2,1,
3175011004,DKI JAKARTA,JAKARTA TIMUR,MATRAMAN,PAL MERIAM,7,1,6,4,4,0,6,2,0,1,3,
3171031004,DKI JAKARTA,JAKARTA PUSAT,KEMAYORAN,SERDANG,11,0,11,6,3,3,6,2,0,0,4,
3172021007,DKI JAKARTA,JAKARTA UTARA,TANJUNG PRIOK,WARAKAS,8,2,6,3,1,2,6,2,0,1,3,
3172041005,DKI JAKARTA,JAKARTA UTARA,CILINCING,SEMPER TIMUR,9,1,8,4,3,1,6,4,0,0,2,
3172021001,DKI JAKARTA,JAKARTA UTARA,TANJUNG PRIOK,TANJUNG PRIOK,4,0,4,4,4,0,6,5,0,0,1,
3175081002,DKI JAKARTA,JAKARTA TIMUR,MAKASAR,PINANG RANTI,7,2,5,2,1,1,5,1,1,1,2,
3173071003,DKI JAKARTA,JAKARTA BARAT,PALMERAH,KOTA BAMBU UTARA,5,1,4,7,6,1,5,3,1,0,1,
3174041007,DKI JAKARTA,JAKARTA SELATAN,PASAR MINGGU,KEBAGUSAN,9,2,7,3,2,1,5,4,1,0,0,
3174071002,DKI JAKARTA,JAKARTA SELATAN,KEBAYORAN BARU,GUNUNG,6,0,6,6,5,1,5,2,1,1,1,
3174071009,DKI JAKARTA,JAKARTA SELATAN,KEBAYORAN BARU,GANDARIA UTARA,14,3,11,7,3,4,5,3,1,0,1,
3174081001,DKI JAKARTA,JAKARTA SELATAN,PANCORAN,PANCORAN,7,0,7,5,3,2,5,2,1,2,0,
3171061003,DKI JAKARTA,JAKARTA PUSAT,MENTENG,CIKINI,3,0,3,7,5,2,5,3,0,1,1,
3175051001,DKI JAKARTA,JAKARTA TIMUR,PASAR REBO,GEDONG,4,1,3,2,1,1,5,3,0,0,2,
3173051002,DKI JAKARTA,JAKARTA BARAT,KEBON JERUK,SUKABUMI UTARA,5,1,4,7,4,3,5,3,1,1,0,
3175061007,DKI JAKARTA,JAKARTA TIMUR,CAKUNG,CAKUNG BARAT,2,1,1,4,3,1,5,4,0,0,1,
3174081006,DKI JAKARTA,JAKARTA SELATAN,PANCORAN,CIKOKO,2,2,0,0,0,0,5,4,0,1,0,
3175031008,DKI JAKARTA,JAKARTA TIMUR,JATINEGARA,CIPINANG BESAR UTARA,4,1,3,3,3,0,5,3,0,1,1,
3174021006,DKI JAKARTA,JAKARTA SELATAN,SETIA BUDI,PASAR MANGGIS,4,1,3,7,3,4,5,1,2,1,1,
3173081005,DKI JAKARTA,JAKARTA BARAT,KEMBANGAN,JOGLO,9,3,6,3,2,1,5,3,2,0,0,
3174021004,DKI JAKARTA,JAKARTA SELATAN,SETIA BUDI,KARET,8,0,8,4,2,2,5,5,0,0,0,
3175031007,DKI JAKARTA,JAKARTA TIMUR,JATINEGARA,CIPINANG BESAR SELATAN,5,1,4,1,1,0,5,3,0,0,2,
3171071001,DKI JAKARTA,JAKARTA PUSAT,TANAH ABANG,GELORA,3,0,3,2,1,1,5,3,1,1,0,
3174081003,DKI JAKARTA,JAKARTA SELATAN,PANCORAN,RAWA JATI,3,0,3,3,0,3,5,5,0,0,0,
3174021008,DKI JAKARTA,JAKARTA SELATAN,SETIA BUDI,KUNINGAN TIMUR,4,0,4,1,1,0,5,4,0,0,1,
3174061005,DKI JAKARTA,JAKARTA SELATAN,CILANDAK,CIPETE SELATAN,13,2,11,8,5,3,4,0,0,3,1,
3175101006,DKI JAKARTA,JAKARTA TIMUR,CIPAYUNG,BAMBU APUS,13,2,11,5,3,2,4,2,1,0,1,
3171031005,DKI JAKARTA,JAKARTA PUSAT,KEMAYORAN,GUNUNG SAHARI SELATAN,5,1,4,2,2,0,4,2,0,0,2,
3172041006,DKI JAKARTA,JAKARTA UTARA,CILINCING,ROROTAN,4,0,4,2,1,1,4,2,0,1,1,
3174101004,DKI JAKARTA,JAKARTA SELATAN,PESANGGRAHAN,PETUKANGAN SELATAN,1,0,1,5,4,1,4,1,1,1,1,
3173021002,DKI JAKARTA,JAKARTA BARAT,GROGOL PETAMBURAN,TANJUNG DUREN UTARA,2,0,2,4,3,1,4,2,0,1,1,
3171031007,DKI JAKARTA,JAKARTA PUSAT,KEMAYORAN,SUMUR BATU,5,0,5,5,4,1,4,2,0,0,2,
3174081005,DKI JAKARTA,JAKARTA SELATAN,PANCORAN,PENGADEGAN,3,0,3,1,1,0,4,2,0,0,2,
3175101004,DKI JAKARTA,JAKARTA TIMUR,CIPAYUNG,MUNJUL,5,2,3,2,2,0,4,1,1,0,2,
3171081004,DKI JAKARTA,JAKARTA PUSAT,JOHAR BARU,TANAH TINGGI,14,1,13,9,5,4,4,1,2,0,1,
3172041001,DKI JAKARTA,JAKARTA UTARA,CILINCING,CILINCING,11,3,8,6,6,0,4,4,0,0,0,
3174091006,DKI JAKARTA,JAKARTA SELATAN,JAGAKARSA,CIPEDAK,6,0,6,1,0,1,4,2,0,0,2,
3173041006,DKI JAKARTA,JAKARTA BARAT,TAMBORA,JEMBATAN BESI,2,0,2,2,1,1,4,3,0,0,1,
3173061002,DKI JAKARTA,JAKARTA BARAT,KALI DERES,SEMANAN,3,2,1,2,1,1,4,3,0,0,1,
3174041004,DKI JAKARTA,JAKARTA SELATAN,PASAR MINGGU,RAGUNAN,2,0,2,3,2,1,4,2,1,1,0,
3173011004,DKI JAKARTA,JAKARTA BARAT,CENGKARENG,KEDAUNG KALI ANGKE,2,0,2,1,0,1,4,3,0,0,1,
3173081003,DKI JAKARTA,JAKARTA BARAT,KEMBANGAN,MERUYA SELATAN,6,2,4,7,5,2,4,2,1,0,1,
3171041004,DKI JAKARTA,JAKARTA PUSAT,SENEN,KRAMAT,6,0,6,7,7,0,4,1,0,1,2,
3171021003,DKI JAKARTA,JAKARTA PUSAT,SAWAH BESAR,KARTINI,25,1,24,6,2,4,4,4,0,0,0,
3171051003,DKI JAKARTA,JAKARTA PUSAT,CEMPAKA PUTIH,RAWASARI,17,3,14,4,2,2,3,2,1,0,0,
3175031004,DKI JAKARTA,JAKARTA TIMUR,JATINEGARA,RAWA BUNGA,6,2,4,2,2,0,3,2,0,0,1,
3175051003,DKI JAKARTA,JAKARTA TIMUR,PASAR REBO,CIJANTUNG,3,0,3,6,5,1,3,1,1,1,0,
3172041004,DKI JAKARTA,JAKARTA UTARA,CILINCING,KALI BARU,7,2,5,4,2,2,3,0,0,1,2,
3174021007,DKI JAKARTA,JAKARTA SELATAN,SETIA BUDI,GUNTUR,2,0,2,2,0,2,3,2,1,0,0,
3175051002,DKI JAKARTA,JAKARTA TIMUR,PASAR REBO,BARU,3,2,1,2,2,0,3,0,0,0,3,
3172051003,DKI JAKARTA,JAKARTA UTARA,PADEMANGAN,ANCOL,7,0,7,6,3,3,3,0,1,0,2,
3174021002,DKI JAKARTA,JAKARTA SELATAN,SETIA BUDI,KARET SEMANGGI,12,7,5,4,2,2,3,0,1,2,0,
3173021001,DKI JAKARTA,JAKARTA BARAT,GROGOL PETAMBURAN,GROGOL,3,1,2,4,2,2,3,2,0,0,1,
3175041005,DKI JAKARTA,JAKARTA TIMUR,KRAMAT JATI,BALE KAMBANG,5,0,5,4,3,1,3,2,1,0,0,
3171011004,DKI JAKARTA,JAKARTA PUSAT,GAMBIR,PETOJO SELATAN,7,3,4,1,0,1,3,1,1,1,0,
3173041009,DKI JAKARTA,JAKARTA BARAT,TAMBORA,PEKOJAN,5,0,5,7,7,0,3,3,0,0,0,
3175101003,DKI JAKARTA,JAKARTA TIMUR,CIPAYUNG,PONDOK RANGGON,4,0,4,1,1,0,3,0,0,0,3,
3171021002,DKI JAKARTA,JAKARTA PUSAT,SAWAH BESAR,KARANG ANYAR,25,0,25,16,6,10,3,2,0,0,1,
3175091003,DKI JAKARTA,JAKARTA TIMUR,CIRACAS,KELAPA DUA WETAN,4,1,3,5,4,1,3,2,0,0,1,
3171041005,DKI JAKARTA,JAKARTA PUSAT,SENEN,KWITANG,1,1,0,3,1,2,3,2,1,0,0,
3171071003,DKI JAKARTA,JAKARTA PUSAT,TANAH ABANG,KARET TENGSIN,9,3,6,7,2,5,3,1,0,0,2,
3171031008,DKI JAKARTA,JAKARTA PUSAT,KEMAYORAN,UTAN PANJANG,10,2,8,6,3,3,3,1,1,0,1,
3174071007,DKI JAKARTA,JAKARTA SELATAN,KEBAYORAN BARU,PULO,2,0,2,0,0,0,3,1,1,0,1,
3173041008,DKI JAKARTA,JAKARTA BARAT,TAMBORA,JEMBATAN LIMA,0,0,0,1,1,0,3,3,0,0,0,
3175071006,DKI JAKARTA,JAKARTA TIMUR,DUREN SAWIT,MALAKA JAYA,6,0,6,3,3,0,3,3,0,0,0,
3174061004,DKI JAKARTA,JAKARTA SELATAN,CILANDAK,GANDARIA SELATAN,4,0,4,2,2,0,3,2,1,0,0,
3175011002,DKI JAKARTA,JAKARTA TIMUR,MATRAMAN,UTAN KAYU UTARA,17,1,16,8,3,5,3,1,0,1,1,
3173041007,DKI JAKARTA,JAKARTA BARAT,TAMBORA,ANGKE,4,0,4,1,1,0,3,3,0,0,0,
3171061005,DKI JAKARTA,JAKARTA PUSAT,MENTENG,KEBON SIRIH,4,0,4,1,1,0,3,2,0,0,1,
3171031001,DKI JAKARTA,JAKARTA PUSAT,KEMAYORAN,KEMAYORAN,5,3,2,16,9,7,3,3,0,0,0,
3175051005,DKI JAKARTA,JAKARTA TIMUR,PASAR REBO,PEKAYON,3,2,1,3,2,1,2,1,0,1,0,
3175101005,DKI JAKARTA,JAKARTA TIMUR,CIPAYUNG,SETU,1,0,1,4,3,1,2,0,1,0,1,
3175081003,DKI JAKARTA,JAKARTA TIMUR,MAKASAR,KEBON PALA,9,1,8,7,4,3,2,1,1,0,0,
3173061004,DKI JAKARTA,JAKARTA BARAT,KALI DERES,KAMAL,4,0,4,4,2,2,2,1,1,0,0,
3174071008,DKI JAKARTA,JAKARTA SELATAN,KEBAYORAN BARU,PETOGOGAN,4,0,4,2,1,1,2,1,1,0,0,
3174071001,DKI JAKARTA,JAKARTA SELATAN,KEBAYORAN BARU,MELAWAI,4,0,4,0,0,0,2,2,0,0,0,
3173031007,DKI JAKARTA,JAKARTA BARAT,TAMAN SARI,GLODOK,1,0,1,1,0,1,2,2,0,0,0,
3175081001,DKI JAKARTA,JAKARTA TIMUR,MAKASAR,MAKASAR,2,0,2,2,0,2,2,1,0,0,1,
3173011003,DKI JAKARTA,JAKARTA BARAT,CENGKARENG,RAWA BUAYA,3,1,2,1,1,0,2,0,1,0,1,
3171011001,DKI JAKARTA,JAKARTA PUSAT,GAMBIR,GAMBIR,5,1,4,1,1,0,2,2,0,0,0,
3175041003,DKI JAKARTA,JAKARTA TIMUR,KRAMAT JATI,DUKUH,7,4,3,2,2,0,2,1,0,0,1,
3172041003,DKI JAKARTA,JAKARTA UTARA,CILINCING,MARUNDA,1,0,1,6,5,1,2,0,0,1,1,
3172031004,DKI JAKARTA,JAKARTA UTARA,KOJA,RAWA BADAK UTARA,6,0,6,5,4,1,2,2,0,0,0,
3171041001,DKI JAKARTA,JAKARTA PUSAT,SENEN,SENEN,3,1,2,4,3,1,2,0,0,1,1,
3172021003,DKI JAKARTA,JAKARTA UTARA,TANJUNG PRIOK,PAPANGGO,18,15,3,5,4,1,2,1,0,0,1,
3174031001,DKI JAKARTA,JAKARTA SELATAN,MAMPANG PRAPATAN,MAMPANG PRAPATAN,10,3,7,0,0,0,2,2,0,0,0,
3173031006,DKI JAKARTA,JAKARTA BARAT,TAMAN SARI,KEAGUNGAN,2,1,1,2,0,2,2,2,0,0,0,
3173031002,DKI JAKARTA,JAKARTA BARAT,TAMAN SARI,KRUKUT,2,0,2,8,6,2,2,0,0,1,1,
3101021002,DKI JAKARTA,KAB.ADM.KEP.SERIBU,KEP. SERIBU SELATAN,PULAU TIDUNG,14,0,14,0,0,0,2,0,0,0,2,
3175011005,DKI JAKARTA,JAKARTA TIMUR,MATRAMAN,KEBON MANGGIS,3,1,2,0,0,0,1,1,0,0,0,
3174071003,DKI JAKARTA,JAKARTA SELATAN,KEBAYORAN BARU,KRAMAT PELA,3,0,3,1,0,1,1,1,0,0,0,
3174071004,DKI JAKARTA,JAKARTA SELATAN,KEBAYORAN BARU,SELONG,0,0,0,2,2,0,1,0,1,0,0,
3171081003,DKI JAKARTA,JAKARTA PUSAT,JOHAR BARU,GALUR,4,1,3,2,1,1,1,1,0,0,0,
3175091005,DKI JAKARTA,JAKARTA TIMUR,CIRACAS,RAMBUTAN,3,0,3,2,1,1,1,0,0,0,1,
3173041004,DKI JAKARTA,JAKARTA BARAT,TAMBORA,TANAH SEREAL,4,0,4,1,1,0,1,0,0,1,0,
3171011006,DKI JAKARTA,JAKARTA PUSAT,GAMBIR,DURI PULO,5,1,4,4,4,0,1,0,0,0,1,
3175021004,DKI JAKARTA,JAKARTA TIMUR,PULO GADUNG,JATINEGARA KAUM,2,1,1,1,1,0,1,0,0,0,1,
3173041002,DKI JAKARTA,JAKARTA BARAT,TAMBORA,KALI ANYAR,2,0,2,1,0,1,1,1,0,0,0,
3173071006,DKI JAKARTA,JAKARTA BARAT,PALMERAH,KOTA BAMBU SELATAN,6,0,6,2,0,2,1,1,0,0,0,
3173031008,DKI JAKARTA,JAKARTA BARAT,TAMAN SARI,PINANGSIA,2,0,2,2,2,0,1,0,0,0,1,
3175061002,DKI JAKARTA,JAKARTA TIMUR,CAKUNG,RAWA TERATE,2,0,2,1,0,1,1,0,0,0,1,
3174011007,DKI JAKARTA,JAKARTA SELATAN,TEBET,MANGGARAI,7,2,5,3,2,1,1,1,0,0,0,
3175101001,DKI JAKARTA,JAKARTA TIMUR,CIPAYUNG,CIPAYUNG,9,4,5,4,4,0,1,1,0,0,0,
3175101008,DKI JAKARTA,JAKARTA TIMUR,CIPAYUNG,CEGER,9,1,8,1,0,1,1,1,0,0,0,
3173031004,DKI JAKARTA,JAKARTA BARAT,TAMAN SARI,TANGKI,8,0,8,0,0,0,1,1,0,0,0,
3175091004,DKI JAKARTA,JAKARTA TIMUR,CIRACAS,SUSUKAN,4,1,3,3,2,1,1,0,0,0,1,
3171021005,DKI JAKARTA,JAKARTA PUSAT,SAWAH BESAR,MANGGA DUA SELATAN,13,2,11,5,4,1,1,0,0,0,1,
3174021001,DKI JAKARTA,JAKARTA SELATAN,SETIA BUDI,SETIA BUDI,1,0,1,4,3,1,1,1,0,0,0,
3172031001,DKI JAKARTA,JAKARTA UTARA,KOJA,KOJA,6,0,6,1,1,0,0,0,0,0,0,
3174031005,DKI JAKARTA,JAKARTA SELATAN,MAMPANG PRAPATAN,KUNINGAN BARAT,6,0,6,1,1,0,0,0,0,0,0,
3173041010,DKI JAKARTA,JAKARTA BARAT,TAMBORA,ROA MALAKA,1,0,1,0,0,0,0,0,0,0,0,
3173041011,DKI JAKARTA,JAKARTA BARAT,TAMBORA,DURI SELATAN,0,0,0,0,0,0,0,0,0,0,0,
3173041003,DKI JAKARTA,JAKARTA BARAT,TAMBORA,DURI UTARA,1,0,1,0,0,0,0,0,0,0,0,
3173031005,DKI JAKARTA,JAKARTA BARAT,TAMAN SARI,MANGGA BESAR,4,0,4,2,0,2,0,0,0,0,0,
3101011003,DKI JAKARTA,KAB.ADM.KEP.SERIBU,KEP. SERIBU UTARA,PULAU HARAPAN,44,0,44,0,0,0,0,0,0,0,0,
3101011002,DKI JAKARTA,KAB.ADM.KEP.SERIBU,KEP. SERIBU UTARA,PULAU KELAPA,18,2,16,3,1,2,0,0,0,0,0,
3101011001,DKI JAKARTA,KAB.ADM.KEP.SERIBU,KEP. SERIBU UTARA,PULAU PANGGANG,26,3,23,7,2,5,0,0,0,0,0,
3101021003,DKI JAKARTA,KAB.ADM.KEP.SERIBU,KEP. SERIBU SELATAN,PULAU PARI,2,0,2,4,0,4,0,0,0,0,0,
3173041001,DKI JAKARTA,JAKARTA BARAT,TAMBORA,TAMBORA,2,0,2,0,0,0,0,0,0,0,0,
3101021001,DKI JAKARTA,KAB.ADM.KEP.SERIBU,KEP. SERIBU SELATAN,PULAU UNTUNG JAWA,9,0,9,0,0,0,0,0,0,0,0,
